metric,ytd_days,2025,2026,pct_change
NYC shelter census avg (same YTD window),49,86247.44897959183,86364.38775510204,0.13558519920731094
