break_year,F_stat,p_value,n,city,series
2021,34.9261094509545,3.080101702339582e-05,14,Chicago,overall_homeless
2021,6.619314867631472,0.01475527874993038,14,Chicago,unsheltered_share
2020,8.022171457392115,0.008345127484693324,14,Los Angeles,overall_homeless
2020,9.809529585046622,0.004386758268722282,14,Los Angeles,unsheltered_share
2021,29.20243641036412,6.676745172242514e-05,14,New York City,overall_homeless
2021,5.0292226895288525,0.030797371303754966,14,New York City,unsheltered_share
2020,10.156904344330956,0.003906586750647033,14,San Francisco,overall_homeless
2020,9.394761618968118,0.005056239481162751,14,San Francisco,unsheltered_share
